MatchId,HomeTeam,AwayTeam,Season,Round,HomeScore,AwayScore,Date
85,newcastle,saracens,18/19,1,21,32,02/09/2018
86,exeter-chiefs,leicester,18/19,1,40,6,01/09/2018
87,harlequins,sale,18/19,1,51,23,01/09/2018
88,worcester,wasps,18/19,1,20,21,01/09/2018
89,gloucester,northampton,18/19,1,27,16,01/09/2018
90,bristol,bath,18/19,1,17,10,31/08/2018
91,sale,worcester,18/19,2,21,15,09/09/2018
92,bath,gloucester,18/19,2,31,31,08/09/2018
93,leicester,newcastle,18/19,2,49,33,08/09/2018
94,saracens,bristol,18/19,2,44,23,08/09/2018
95,wasps,exeter-chiefs,18/19,2,31,42,08/09/2018
96,northampton,harlequins,18/19,2,25,18,07/09/2018
97,wasps,leicester,18/19,3,41,35,16/09/2018
98,exeter-chiefs,sale,18/19,3,35,18,15/09/2018
99,harlequins,bath,18/19,3,32,37,15/09/2018
100,northampton,saracens,18/19,3,27,38,15/09/2018
101,worcester,newcastle,18/19,3,20,23,15/09/2018
102,gloucester,bristol,18/19,3,35,13,14/09/2018
103,leicester,worcester,18/19,4,37,44,23/09/2018
104,saracens,gloucester,18/19,4,38,15,23/09/2018
105,bath,northampton,18/19,4,17,15,22/09/2018
106,bristol,harlequins,18/19,4,20,13,22/09/2018
107,sale,wasps,18/19,4,13,31,22/09/2018
108,newcastle,exeter-chiefs,18/19,4,17,24,21/09/2018
109,leicester,sale,18/19,5,19,15,30/09/2018
110,bristol,northampton,18/19,5,40,45,29/09/2018
111,exeter-chiefs,worcester,18/19,5,28,11,29/09/2018
112,gloucester,harlequins,18/19,5,25,27,29/09/2018
113,saracens,bath,18/19,5,50,27,29/09/2018
114,newcastle,wasps,18/19,5,22,23,28/09/2018
115,worcester,bristol,18/19,6,52,7,07/10/2018
116,harlequins,saracens,18/19,6,20,25,06/10/2018
117,northampton,leicester,18/19,6,15,26,06/10/2018
118,sale,newcastle,18/19,6,20,7,06/10/2018
119,wasps,gloucester,18/19,6,21,35,06/10/2018
120,bath,exeter-chiefs,18/19,6,24,39,05/10/2018
121,bristol,exeter-chiefs,18/19,7,29,31,18/11/2018
122,northampton,wasps,18/19,7,36,17,17/11/2018
123,saracens,sale,18/19,7,31,25,17/11/2018
124,bath,worcester,18/19,7,28,13,17/11/2018
125,gloucester,leicester,18/19,7,36,15,16/11/2018
126,harlequins,newcastle,18/19,7,20,7,16/11/2018
127,leicester,saracens,18/19,8,22,27,25/11/2018
128,exeter-chiefs,gloucester,18/19,8,23,6,24/11/2018
129,sale,northampton,18/19,8,18,13,24/11/2018
130,wasps,bristol,18/19,8,32,28,24/11/2018
131,newcastle,bath,18/19,8,16,8,23/11/2018
132,worcester,harlequins,18/19,8,20,13,23/11/2018
133,bath,sale,18/19,9,7,7,02/12/2018
134,gloucester,worcester,18/19,9,36,16,01/12/2018
135,northampton,newcastle,18/19,9,14,16,01/12/2018
136,saracens,wasps,18/19,9,29,6,01/12/2018
137,bristol,leicester,18/19,9,41,10,01/12/2018
138,harlequins,exeter-chiefs,18/19,9,28,26,30/11/2018
139,newcastle,gloucester,18/19,10,17,20,23/12/2018
140,wasps,bath,18/19,10,14,24,23/12/2018
141,exeter-chiefs,saracens,18/19,10,31,13,22/12/2018
142,leicester,harlequins,18/19,10,35,24,22/12/2018
143,sale,bristol,18/19,10,27,10,22/12/2018
144,worcester,northampton,18/19,10,6,32,21/12/2018
145,bath,leicester,18/19,11,23,16,30/12/2018
146,bristol,newcastle,18/19,11,35,28,30/12/2018
147,harlequins,wasps,18/19,11,20,13,29/12/2018
148,gloucester,sale,18/19,11,15,30,29/12/2018
149,saracens,worcester,18/19,11,25,17,29/12/2018
150,northampton,exeter-chiefs,18/19,11,31,28,28/12/2018
151,wasps,northampton,18/19,12,27,16,06/01/2019
152,exeter-chiefs,bristol,18/19,12,14,9,05/01/2019
153,leicester,gloucester,18/19,12,34,16,05/01/2019
154,newcastle,harlequins,18/19,12,17,38,05/01/2019
155,worcester,bath,18/19,12,21,19,05/01/2019
156,sale,saracens,18/19,12,24,18,04/01/2019
157,bath,newcastle,18/19,13,30,13,16/02/2019
158,harlequins,worcester,18/19,13,47,33,16/02/2019
159,saracens,leicester,18/19,13,33,10,16/02/2019
160,northampton,sale,18/19,13,67,17,16/02/2019
161,bristol,wasps,18/19,13,22,29,15/02/2019
162,gloucester,exeter-chiefs,18/19,13,24,17,15/02/2019
163,worcester,leicester,18/19,14,17,13,24/02/2019
164,northampton,bath,18/19,14,27,26,23/02/2019
165,exeter-chiefs,newcastle,18/19,14,35,17,23/02/2019
166,harlequins,bristol,18/19,14,36,26,23/02/2019
167,wasps,sale,18/19,14,18,24,23/02/2019
168,gloucester,sale,18/19,14,30,24,22/02/2019
169,newcastle,worcester,18/19,15,17,6,03/03/2019
170,bath,harlequins,18/19,15,29,31,02/03/2019
171,leicester,wasps,18/19,15,19,14,02/03/2019
172,sale,exeter-chiefs,18/19,15,14,20,02/03/2019
173,saracens,northampton,18/19,15,36,17,02/03/2019
174,bristol,gloucester,18/19,15,28,24,01/03/2019
175,harlequins,gloucester,18/19,16,7,29,10/03/2019
176,worcester,exeter-chiefs,18/19,16,30,33,09/03/2019
177,northampton,bristol,18/19,16,24,26,09/03/2019
178,wasps,newcastle,18/19,16,19,20,09/03/2019
179,sale,leicester,18/19,16,32,5,08/03/2019
180,bath,saracens,18/19,16,18,9,08/03/2019
181,exeter-chiefs,bath,18/19,17,29,10,24/03/2019
182,newcastle,sale,18/19,17,22,17,23/03/2019
183,bristol,worcester,18/19,17,25,27,23/03/2019
184,gloucester,wasps,18/19,17,27,14,23/03/2019
185,saracens,harlequins,18/19,17,27,10,23/03/2019
186,leicester,northampton,18/19,17,15,29,22/03/2019
187,northampton,gloucester,18/19,18,31,40,07/04/2019
188,leicester,exeter-chiefs,18/19,18,20,52,06/04/2019
189,saracens,newcastle,18/19,18,26,12,06/04/2019
190,wasps,worcester,18/19,18,28,16,06/04/2019
191,bath,bristol,18/19,18,26,19,06/04/2019
192,sale,harlequins,18/19,18,28,17,05/04/2019
193,exeter-chiefs,wasps,18/19,19,19,26,14/04/2019
194,bristol,saracens,18/19,19,23,21,13/04/2019
195,gloucester,bath,18/19,19,27,23,13/04/2019
196,harlequins,northampton,18/19,19,19,20,13/04/2019
197,worcester,sale,18/19,19,39,17,13/04/2019
198,newcastle,leicester,18/19,19,22,27,12/04/2019
199,worcester,gloucester,18/19,20,27,20,28/04/2019
200,wasps,saracens,18/19,20,14,31,27/04/2019
201,leicester,bristol,18/19,20,20,23,27/04/2019
202,exeter-chiefs,harlequins,18/19,20,17,15,27/04/2019
203,newcastle,northampton,18/19,20,17,31,26/04/2019
204,sale,bath,18/19,20,6,3,26/04/2019
205,exeter-chiefs,wasps,18/19,21,29,17,05/05/2019
206,bristol,saracens,18/19,21,28,19,04/05/2019
207,gloucester,bath,18/19,21,38,10,04/05/2019
208,harlequins,northampton,18/19,21,38,7,04/05/2019
209,worcester,sale,18/19,21,20,20,03/05/2019
210,newcastle,leicester,18/19,21,23,19,03/05/2019
211,exeter-chiefs,northampton,18/19,22,40,21,18/05/2019
212,leicester,bath,18/19,22,31,32,18/05/2019
213,newcastle,bristol,18/19,22,12,19,18/05/2019
214,sale,gloucester,18/19,22,46,41,18/05/2019
215,wasps,harlequins,18/19,22,27,25,18/05/2019
216,worcester,saracens,18/19,22,31,29,18/05/2019
217,exeter-chiefs,northampton,18/19,SF,42,12,25/05/2019
218,saracens,gloucester,18/19,SF,44,19,25/05/2019
219,exeter-chiefs,saracens,18/19,F,34,37,01/06/2019
220,wasps,london-irish,19/20,1,26,29,20/10/2019
221,exeter-chiefs,harlequins,19/20,1,22,19,19/10/2019
222,sale,gloucester,19/20,1,16,18,19/10/2019
223,saracens,northampton,19/20,1,25,27,19/10/2019
224,worcester,leicester,19/20,1,24,16,19/10/2019
225,bristol,bath,19/20,1,43,16,18/10/2019
226,leicester,saracens,19/20,2,10,24,27/10/2019
227,gloucester,wasps,19/20,2,25,9,26/10/2019
228,harlequins,bristol,19/20,2,22,17,26/10/2019
229,london-irish,sale,19/20,2,7,41,26/10/2019
230,northampton,worcester,19/20,2,35,16,26/10/2019
231,bath,exeter-chiefs,19/20,2,13,10,25/10/2019
232,worcester,exeter-chiefs,19/20,3,20,24,03/11/2019
233,leicester,gloucester,19/20,3,16,13,02/11/2019
234,saracens,london-irish,19/20,3,16,13,02/11/2019
235,wasps,bath,19/20,3,30,22,02/11/2019
236,bristol,sale,19/20,3,16,10,01/11/2019
237,northampton,harlequins,19/20,3,40,22,01/11/2019
238,exeter-chiefs,bristol,19/20,4,17,20,10/11/2019
239,london-irish,leicester,19/20,4,36,11,10/11/2019
240,bath,northampton,19/20,4,22,13,09/11/2019
241,gloucester,saracens,19/20,4,12,21,09/11/2019
242,harlequins,worcester,19/20,4,14,19,09/11/2019
243,sale,wasps,19/20,4,28,18,08/11/2019
244,bristol,london-irish,19/20,5,27,27,01/12/2019
245,harlequins,gloucester,19/20,5,23,19,01/12/2019
246,exeter-chiefs,wasps,19/20,5,38,3,30/11/2019
247,northampton,leicester,19/20,5,36,13,30/11/2019
248,worcester,sale,19/20,5,20,13,30/11/2019
249,bath,saracens,19/20,5,12,25,29/11/2019
250,london-irish,bath,19/20,6,10,38,22/12/2019
251,leicester,exeter-chiefs,19/20,6,22,31,21/12/2019
252,sale,northampton,19/20,6,22,10,21/12/2019
253,saracens,bristol,19/20,6,47,13,21/12/2019
254,wasps,harlequins,19/20,6,22,28,21/12/2019
255,gloucester,worcester,19/20,6,36,3,20/12/2019
256,exeter-chiefs,saracens,19/20,7,14,7,29/12/2019
257,harlequins,leicester,19/20,7,30,30,28/12/2019
258,bath,sale,19/20,7,16,14,28/12/2019
259,worcester,london-irish,19/20,7,20,6,28/12/2019
260,northampton,gloucester,19/20,7,33,26,28/12/2019
261,bristol,wasps,19/20,7,21,26,27/12/2019
262,wasps,northampton,19/20,8,31,35,05/01/2020
263,london-irish,exeter-chiefs,19/20,8,25,45,05/01/2020
264,gloucester,bath,19/20,8,29,15,04/01/2020
265,saracens,worcester,19/20,8,62,5,04/01/2020
266,leicester,bristol,19/20,8,31,18,04/01/2020
267,sale,harlequins,19/20,8,48,10,03/01/2020
268,harlequins,saracens,19/20,9,41,14,26/01/2020
269,bath,leicester,19/20,9,13,10,25/01/2020
270,bristol,gloucester,19/20,9,34,16,25/01/2020
271,exeter-chiefs,sale,19/20,9,19,22,25/01/2020
272,worcester,wasps,19/20,9,26,30,25/01/2020
273,northampton,london-irish,19/20,9,16,20,24/01/2020
274,northampton,bristol,19/20,10,14,20,16/02/2020
275,harlequins,london-irish,19/20,10,15,29,15/02/2020
276,leicester,wasps,19/20,10,18,9,15/02/2020
277,saracens,sale,19/20,10,36,22,15/02/2020
278,worcester,bath,19/20,10,21,22,15/02/2020
279,gloucester,exeter-chiefs,19/20,10,15,26,14/02/2020
280,bristol,worcester,19/20,11,13,10,23/02/2020
281,exeter-chiefs,northampton,19/20,11,57,7,23/02/2020
282,bath,harlequins,19/20,11,19,12,22/02/2020
283,london-irish,gloucester,19/20,11,24,20,22/02/2020
284,sale,leicester,19/20,11,36,3,21/02/2020
285,wasps,saracens,19/20,11,60,10,21/02/2020
286,bath,bristol,19/20,12,13,19,01/03/2020
287,london-irish,wasps,19/20,12,26,36,01/03/2020
288,harlequins,exeter-chiefs,19/20,12,34,30,29/02/2020
289,leicester,worcester,19/20,12,14,8,29/02/2020
290,northampton,saracens,19/20,12,21,27,29/02/2020
291,gloucester,sale,19/20,12,17,23,28/02/2020
292,bristol,harlequins,19/20,13,28,15,08/03/2020
293,exeter-chiefs,bath,19/20,13,57,20,07/03/2020
294,wasps,gloucester,19/20,13,39,22,07/03/2020
295,saracens,leicester,19/20,13,24,13,07/03/2020
296,sale,london-irish,19/20,13,39,0,06/03/2020
297,worcester,northampton,19/20,13,10,16,06/03/2020
298,northampton,wasps,19/20,14,21,34,16/08/2020
299,bristol,saracens,19/20,14,16,12,15/08/2020
300,bath,london-irish,19/20,14,34,17,15/08/2020
301,exeter-chiefs,leicester,19/20,14,26,13,15/08/2020
302,worcester,gloucester,19/20,14,15,44,15/08/2020
303,harlequins,sale,19/20,14,16,10,14/08/2020
304,leicester,bath,19/20,15,16,28,22/08/2020
305,london-irish,northampton,19/20,15,3,27,22/08/2020
306,saracens,harlequins,19/20,15,38,24,22/08/2020
307,gloucester,bristol,19/20,15,24,33,21/08/2020
308,wasps,worcester,19/20,15,32,17,21/08/2020
309,sale,exeter-chiefs,19/20,15,22,32,21/08/2020
310,northampton,bath,19/20,16,3,18,26/08/2020
311,leicester,london-irish,19/20,16,13,7,26/08/2020
312,saracens,gloucester,19/20,16,36,20,26/08/2020
313,worcester,harlequins,19/20,16,29,14,26/08/2020
314,bristol,exeter-chiefs,19/20,16,22,25,25/08/2020
315,wasps,sale,19/20,16,11,20,25/08/2020
316,bath,wasps,19/20,17,23,27,31/08/2020
317,london-irish,saracens,19/20,17,12,40,31/08/2020
318,gloucester,leicester,19/20,17,46,30,30/08/2020
319,exeter-chiefs,worcester,19/20,17,59,7,30/08/2020
320,harlequins,northampton,19/20,17,30,17,30/08/2020
321,sale,bristol,19/20,17,40,7,29/08/2020
322,gloucester,london-irish,19/20,18,36,23,05/09/2020
323,leicester,sale,19/20,18,31,40,05/09/2020
324,harlequins,bath,19/20,18,27,41,05/09/2020
325,saracens,wasps,19/20,18,18,28,05/09/2020
326,northampton,exeter-chiefs,19/20,18,19,22,04/09/2020
327,worcester,bristol,19/20,18,13,36,04/09/2020
328,bath,worcester,19/20,19,40,15,09/10/2020
329,london-irish,harlequins,19/20,19,15,38,09/10/2020
330,sale,saracens,19/20,19,24,17,09/10/2020
331,exeter-chiefs,gloucester,19/20,19,35,22,09/10/2020
332,wasps,leicester,19/20,19,54,7,09/10/2020
333,bristol,northampton,19/20,19,47,10,08/09/2020
334,gloucester,harlequins,19/20,20,15,28,14/09/2020
335,saracens,exeter-chiefs,19/20,20,40,17,13/09/2020
336,london-irish,worcester,19/20,20,25,40,13/09/2020
337,sale,bath,19/20,20,22,37,13/09/2020
338,leicester,northampton,19/20,20,28,24,13/09/2020
339,wasps,bristol,19/20,20,59,35,13/09/2020
340,bristol,leicester,19/20,21,40,3,30/09/2020
341,exeter-chiefs,london-irish,19/20,21,19,22,30/09/2020
342,worcester,saracens,19/20,21,40,27,30/09/2020
343,northampton,sale,19/20,21,14,34,29/09/2020
344,harlequins,wasps,19/20,21,23,32,28/09/2020
345,bath,gloucester,19/20,21,31,20,22/09/2020
346,sale,worcester,19/20,22,0,20,07/10/2020
347,gloucester,northampton,19/20,22,20,0,04/10/2020
348,leicester,harlequins,19/20,22,26,32,04/10/2020
349,london-irish,bristol,19/20,22,7,36,04/10/2020
350,saracens,bath,19/20,22,17,17,04/10/2020
351,wasps,exeter-chiefs,19/20,22,46,5,04/10/2020
352,exeter-chiefs,bath,19/20,SF,35,6,10/10/2020
353,wasps,bristol,19/20,SF,47,24,10/10/2020
354,exeter-chiefs,wasps,19/20,F,19,13,24/10/2020
355,wasps,bristol,20/21,1,23,20,22/11/2020
356,leicester,gloucester,20/21,1,38,15,21/11/2021
357,worcester,london-irish,20/21,1,11,10,21/11/2021
358,bath,newcastle,20/21,1,12,19,21/11/2021
359,sale,northampton,20/21,1,32,23,20/11/2021
360,harlequins,exeter-chiefs,20/21,1,3,33,20/11/2021
361,london-irish,leicester,20/21,2,22,9,29/11/2021
362,exeter-chiefs,bath,20/21,2,40,3,28/11/2021
363,bristol,worcester,20/21,2,30,13,28/11/2021
364,gloucester,wasps,20/21,2,40,24,28/11/2021
365,northampton,harlequins,20/21,2,29,49,28/11/2021
366,newcastle,sale,20/21,2,15,13,27/11/2021
367,gloucester,harlequins,20/21,3,24,34,06/12/2021
368,london-irish,sale,20/21,3,13,21,06/12/2021
369,leicester,exeter-chiefs,20/21,3,13,35,05/12/2021
370,wasps,newcastle,20/21,3,17,27,05/12/2021
371,worcester,bath,20/21,3,17,33,05/12/2021
372,bristol,northampton,20/21,3,18,17,04/12/2021
373,sale,wasps,20/21,4,23,26,27/12/2021
374,northampton,worcester,20/21,4,29,10,26/12/2021
375,exeter-chiefs,gloucester,20/21,4,28,20,26/12/2021
376,harlequins,bristol,20/21,4,19,27,26/12/2021
377,leicester,bath,20/21,5,36,31,03/02/2021
378,gloucester,sale,20/21,5,19,22,02/02/2021
379,wasps,exeter-chiefs,20/21,5,34,5,02/02/2021
380,bristol,newcastle,20/21,5,29,17,01/02/2021
381,harlequins,london-irish,20/21,6,27,27,10/02/2021
382,exeter-chiefs,bristol,20/21,6,7,20,09/02/2021
383,newcastle,gloucester,20/21,6,22,10,09/02/2021
384,sale,worcester,20/21,6,20,13,08/02/2021
385,bath,wasps,20/21,6,44,52,08/02/2021
386,wasps,harlequins,20/21,7,17,49,31/01/2021
387,london-irish,newcastle,20/21,7,31,22,31/01/2021
388,gloucester,northampton,20/21,7,26,31,30/01/2021
389,worcester,exeter-chiefs,20/21,7,17,21,30/01/2021
390,bristol,bath,20/21,7,48,3,29/01/2021
391,leicester,sale,20/21,7,15,25,29/01/2021
392,newcastle,exeter-chiefs,20/21,8,9,15,07/02/2021
393,leicester,worcester,20/21,8,41,24,06/02/2021
394,london-irish,gloucester,20/21,8,32,26,06/02/2021
395,bath,harlequins,20/21,8,15,28,06/02/2021
396,wasps,northampton,20/21,8,17,22,06/02/2021
397,bristol,sale,20/21,8,13,20,05/02/2021
398,worcester,wasps,20/21,9,13,17,14/02/2021
399,exeter-chiefs,london-irish,20/21,9,26,3,13/02/2021
400,harlequins,leicester,20/21,9,37,24,13/02/2021
401,sale,bath,20/21,9,22,27,12/02/2021
402,gloucester,bristol,20/21,9,17,18,12/02/2021
403,london-irish,bristol,20/21,10,34,34,21/02/2021
404,exeter-chiefs,northampton,20/21,10,12,13,20/02/2021
405,leicester,wasps,20/21,10,27,8,20/02/2021
406,harlequins,sale,20/21,10,24,12,20/02/2021
407,bath,gloucester,20/21,10,16,14,19/02/2021
408,northampton,bath,20/21,11,22,23,28/02/2021
409,gloucester,worcester,20/21,11,22,14,27/02/2021
410,newcastle,harlequins,20/21,11,25,22,27/02/2021
411,wasps,london-irish,20/21,11,10,16,27/02/2021
412,bristol,leicester,20/21,11,17,3,27/02/2021
413,sale,exeter-chiefs,20/21,11,25,20,26/02/2021
414,harlequins,northampton,20/21,12,37,19,07/03/2021
415,worcester,bristol,20/21,12,23,24,06/03/2021
416,bath,exeter-chiefs,20/21,12,16,38,06/03/2021
417,wasps,gloucester,20/21,12,19,20,06/03/2021
418,sale,newcastle,20/21,12,31,16,05/03/2021
419,leicester,london-irish,20/21,12,33,32,05/03/2021
420,london-irish,worcester,20/21,13,20,17,14/03/2021
421,gloucester,leicester,20/21,13,14,20,13/03/2021
422,northampton,sale,20/21,13,17,14,13/03/2021
423,exeter-chiefs,harlequins,20/21,13,21,20,13/03/2021
424,newcastle,bath,20/21,13,19,38,13/03/2021
425,bristol,wasps,20/21,13,37,20,12/03/2021
426,northampton,bristol,20/21,14,21,28,19/03/2021
427,sale,london-irish,20/21,14,41,13,20/03/2021
428,exeter-chiefs,leicester,20/21,14,47,31,20/03/2021
429,bath,worcester,20/21,14,47,22,20/03/2021
430,harlequins,gloucester,20/21,14,59,24,21/03/2021
431,newcastle,wasps,20/21,14,18,20,21/03/2021
432,leicester,newcastle,20/21,15,26,12,28/03/2021
433,wasps,sale,20/21,15,19,20,27/03/2021
434,london-irish,bath,20/21,15,36,33,27/03/2021
435,worcester,northampton,20/21,15,14,62,27/03/2021
436,bristol,harlequins,20/21,15,35,33,27/03/2021
437,gloucester,exeter-chiefs,20/21,15,34,18,26/03/2021
438,bath,leicester,20/21,16,21,20,16/04/2021
439,harlequins,worcester,20/21,16,50,26,17/04/2021
440,newcastle,bristol,20/21,16,17,34,17/04/2021
441,exeter-chiefs,wasps,20/21,16,43,13,17/04/2021
442,sale,gloucester,20/21,16,25,22,17/04/2021
443,northampton,london-irish,20/21,16,44,26,18/04/2021
444,wasps,bath,20/21,17,39,29,25/04/2021
445,gloucester,newcastle,20/21,17,35,24,24/04/2021
446,leicester,northampton,20/21,17,18,23,24/04/2021
447,worcester,sale,20/21,17,32,35,24/04/2021
448,london-irish,harlequins,20/21,17,21,25,24/04/2021
449,bristol,exeter-chiefs,20/21,17,12,20,23/04/2021
450,harlequins,wasps,20/21,18,48,46,09/06/2021
451,bath,bristol,20/21,18,20,40,08/06/2021
452,exeter-chiefs,worcester,20/21,18,41,10,08/06/2021
453,newcastle,london-irish,20/21,18,25,27,08/06/2021
454,northampton,gloucester,20/21,18,7,31,08/06/2021
455,sale,leicester,20/21,18,26,10,07/06/2021
456,london-irish,exeter-chiefs,20/21,19,12,30,18/06/2021
457,bristol,gloucester,20/21,19,39,7,17/06/2021
458,newcastle,northampton,20/21,19,18,10,17/06/2021
459,leicester,harlequins,20/21,19,35,29,15/06/2021
460,wasps,worcester,20/21,19,23,19,15/06/2021
461,bath,sale,20/21,19,20,24,14/06/2021
462,exeter-chiefs,newcastle,20/21,20,74,3,30/05/2021
463,northampton,wasps,20/21,20,30,25,29/05/2021
464,worcester,leicester,20/21,20,17,18,29/05/2021
465,harlequins,bath,20/21,20,44,33,29/05/2021
466,gloucester,london-irish,20/21,20,30,28,28/05/2021
467,sale,bristol,20/21,20,22,12,28/05/2021
468,northampton,exeter-chiefs,20/21,21,26,29,06/06/2021
469,london-irish,wasps,20/21,21,36,39,05/06/2021
470,leicester,bristol,20/21,21,23,26,05/06/2021
471,newcastle,worcester,20/21,21,24,14,05/06/2021
472,sale,harlequins,20/21,21,45,12,04/06/2021
473,bath,northampton,20/21,22,30,24,12/06/2021
474,exeter-chiefs,sale,20/21,22,20,19,12/06/2021
475,harlequins,newcastle,20/21,22,54,26,12/06/2021
476,wasps,leicester,20/21,22,31,38,12/06/2021
477,exeter-chiefs,sale,20/21,SF,40,30,19/06/2021
478,bristol,harlequins,20/21,SF,36,43,19/06/2021
479,exeter-chiefs,harlequins,20/21,F,38,40,26/06/2021
480,newcastle,harlequins,21/22,1,20,26,19/09/2021
481,sale,bath,21/22,1,20,19,18/09/2021
482,leicester,exeter-chiefs,21/22,1,34,19,18/09/2021
483,northampton,gloucester,21/22,1,34,20,18/09/2021
484,worcester,london-irish,21/22,1,36,24,18/09/2021
485,bristol,saracens,21/22,1,9,26,17/09/2021
486,london-irish,sale,21/22,2,31,31,26/09/2021
487,bath,newcastle,21/22,2,13,20,25/09/2021
488,exeter-chiefs,northampton,21/22,2,24,26,25/09/2021
489,harlequins,worcester,21/22,2,35,29,25/09/2021
490,wasps,bristol,21/22,2,44,8,25/09/2021
491,gloucester,leicester,21/22,2,26,33,24/09/2021
492,sale,exeter-chiefs,21/22,3,15,25,03/10/2021
493,leicester,saracens,21/22,3,13,12,02/10/2021
494,newcastle,wasps,21/22,3,18,14,02/10/2021
495,worcester,gloucester,21/22,3,23,31,02/10/2021
496,northampton,london-irish,21/22,3,23,21,02/10/2021
497,bristol,bath,21/22,3,25,20,01/10/2021
498,wasps,northampton,21/22,4,26,20,10/10/2021
499,exeter-chiefs,worcester,21/22,4,42,5,09/10/2021
500,gloucester,sale,21/22,4,33,32,09/10/2021
501,london-irish,leicester,21/22,4,16,21,09/10/2021
502,saracens,newcastle,21/22,4,37,23,09/10/2021
503,harlequins,bristol,21/22,4,52,24,08/10/2021
504,bath,saracens,21/22,5,17,71,17/10/2021
505,london-irish,gloucester,21/22,5,25,25,17/10/2021
506,newcastle,bristol,21/22,5,13,5,16/10/2021
507,wasps,exeter-chiefs,21/22,5,23,27,16/10/2021
508,worcester,leicester,21/22,5,3,48,16/10/2021
509,sale,harlequins,21/22,5,28,22,15/10/2021
510,saracens,wasps,21/22,6,56,15,24/10/2021
511,exeter-chiefs,london-irish,21/22,6,21,33,23/10/2021
512,gloucester,newcastle,21/22,6,29,20,23/10/2021
513,harlequins,bath,21/22,6,31,17,23/10/2021
514,leicester,sale,21/22,6,19,11,23/10/2021
515,northampton,worcester,21/22,6,66,10,22/10/2021
516,harlequins,saracens,21/22,7,22,29,31/10/2021
517,bath,wasps,21/22,7,17,27,30/10/2021
518,london-irish,bristol,21/22,7,33,45,30/10/2021
519,northampton,leicester,21/22,7,26,55,30/10/2021
520,worcester,sale,21/22,7,27,14,30/10/2021
521,gloucester,exeter-chiefs,21/22,7,13,16,29/10/2021
522,wasps,harlequins,21/22,8,16,26,07/11/2021
523,exeter-chiefs,newcastle,21/22,8,14,15,06/11/2021
524,sale,northampton,21/22,8,30,6,06/11/2021
525,bristol,worcester,21/22,8,27,5,06/11/2021
526,saracens,london-irish,21/22,8,34,34,06/11/2021
527,leicester,bath,21/22,8,40,23,05/11/2021
528,saracens,sale,21/22,9,25,14,28/11/2021
529,newcastle,worcester,21/22,9,24,24,27/11/2021
530,harlequins,london-irish,21/22,9,19,22,27/11/2021
531,bath,exeter-chiefs,21/22,9,16,23,26/11/2021
532,bristol,northampton,21/22,9,20,36,26/11/2021
533,wasps,gloucester,21/22,9,33,35,26/11/2021
534,leicester,harlequins,21/22,10,16,14,05/12/2021
535,exeter-chiefs,saracens,21/22,10,18,15,04/12/2021
536,london-irish,newcastle,21/22,10,43,21,04/12/2021
537,northampton,bath,21/22,10,40,19,04/12/2021
538,worcester,wasps,21/22,10,32,31,04/12/2021
539,gloucester,bristol,21/22,10,27,10,03/12/2021
540,harlequins,northampton,21/22,11,41,27,27/12/2021
541,bath,gloucester,21/22,11,20,40,26/12/2021
542,newcastle,sale,21/22,11,20,0,
543,saracens,worcester,21/22,11,61,29,26/12/2021
544,wasps,london-irish,21/22,11,38,30,26/12/2021
545,bristol,leicester,21/22,11,26,28,26/12/2021
546,london-irish,bath,21/22,12,20,0,01/01/2022
547,gloucester,harlequins,21/22,12,17,20,01/01/2022
548,leicester,newcastle,21/22,12,31,0,02/01/2022
549,northampton,saracens,21/22,12,6,30,02/01/2022
550,exeter-chiefs,bristol,21/22,12,19,13,02/01/2022
551,sale,wasps,21/22,12,26,18,02/01/2022
552,bath,worcester,21/22,13,22,19,09/01/2022
553,wasps,leicester,21/22,13,16,13,09/01/2022
554,harlequins,exeter-chiefs,21/22,13,14,12,08/01/2022
555,newcastle,northampton,21/22,13,8,44,08/01/2022
556,saracens,gloucester,21/22,13,24,25,08/01/2022
557,bristol,sale,21/22,13,32,15,07/01/2022
558,sale,leicester,21/22,14,35,26,30/01/2022
559,wasps,saracens,21/22,14,26,20,30/01/2022
560,newcastle,gloucester,21/22,14,22,32,29/01/2022
561,london-irish,exeter-chiefs,21/22,14,18,14,29/01/2022
562,worcester,northampton,21/22,14,13,19,29/01/2022
563,bath,harlequins,21/22,14,21,17,28/01/2022
564,harlequins,sale,21/22,15,14,36,04/02/2022
565,leicester,worcester,21/22,15,36,16,05/02/2022
566,saracens,bath,21/22,15,40,3,05/02/2022
567,exeter-chiefs,wasps,21/22,15,26,27,05/02/2022
568,bristol,newcastle,21/22,15,37,21,05/02/2022
569,gloucester,london-irish,21/22,15,24,7,06/02/2022
570,saracens,harlequins,21/22,16,19,10,13/02/2022
571,exeter-chiefs,gloucester,21/22,16,24,15,12/02/2022
572,sale,worcester,21/22,16,36,12,12/02/2022
573,wasps,bath,21/22,16,41,24,12/02/2022
574,bristol,london-irish,21/22,16,32,49,11/02/2022
575,leicester,northampton,21/22,16,35,20,11/02/2022
576,newcastle,exeter-chiefs,21/22,17,14,15,18/02/2022
577,bath,leicester,21/22,17,20,24,19/02/2022
578,harlequins,wasps,21/22,17,29,24,19/02/2022
579,london-irish,saracens,21/22,17,23,30,19/02/2022
580,northampton,sale,21/22,17,21,22,19/02/2022
581,worcester,bristol,21/22,17,19,14,20/02/2022
582,northampton,exeter-chiefs,21/22,18,31,34,27/02/2022
583,leicester,gloucester,21/22,18,35,23,26/02/2022
584,newcastle,bath,21/22,18,25,30,26/02/2022
585,bristol,wasps,21/22,18,31,19,25/02/2022
586,sale,london-irish,21/22,18,27,27,25/02/2022
587,worcester,harlequins,21/22,18,21,29,25/02/2022
588,exeter-chiefs,sale,21/22,19,19,12,06/03/2022
589,bath,bristol,21/22,19,29,27,05/03/2022
590,gloucester,northampton,21/22,19,35,30,05/03/2022
591,london-irish,worcester,21/22,19,43,12,05/03/2022
592,saracens,leicester,21/22,19,34,27,05/03/2022
593,harlequins,newcastle,21/22,19,24,10,04/03/2022
594,bristol,harlequins,21/22,20,29,38,13/03/2022
595,northampton,wasps,21/22,20,27,22,13/03/2022
596,leicester,london-irish,21/22,20,47,28,12/03/2022
597,newcastle,saracens,21/22,20,21,36,12/03/2022
598,sale,gloucester,21/22,20,26,24,12/03/2022
599,worcester,exeter-chiefs,21/22,20,35,31,12/03/2022
600,exeter-chiefs,leicester,21/22,21,17,22,27/03/2022
601,bath,sale,21/22,21,24,24,26/03/2022
602,london-irish,northampton,21/22,21,22,42,26/03/2022
603,saracens,bristol,21/22,21,27,23,26/03/2022
604,wasps,newcastle,21/22,21,27,24,26/03/2022
605,gloucester,worcester,21/22,21,20,0,26/03/2022
606,london-irish,harlequins,21/22,22,14,41,03/04/2022
607,exeter-chiefs,bath,21/22,22,42,22,02/04/2022
608,gloucester,wasps,21/22,22,21,27,02/04/2022
609,northampton,bristol,21/22,22,39,22,02/04/2022
610,worcester,newcastle,21/22,22,10,45,02/04/2022
611,sale,saracens,21/22,22,12,18,01/04/2022
612,saracens,exeter-chiefs,21/22,23,38,22,24/04/2022
613,bath,northampton,21/22,23,31,36,23/04/2022
614,harlequins,leicester,21/22,23,26,20,23/04/2022
615,wasps,worcester,21/22,23,41,12,23/04/2022
616,bristol,gloucester,21/22,23,29,28,22/04/2022
617,newcastle,london-irish,21/22,23,14,42,22/04/2022
618,london-irish,wasps,21/22,24,42,42,01/05/2022
619,gloucester,bath,21/22,24,64,0,30/04/2022
620,leicester,bristol,21/22,24,56,26,30/04/2022
621,worcester,saracens,21/22,24,16,38,30/04/2022
622,northampton,harlequins,21/22,24,32,31,29/04/2022
623,sale,newcastle,21/22,24,35,27,29/04/2022
624,saracens,northampton,21/22,25,42,38,21/05/2022
625,bath,london-irish,21/22,25,27,24,21/05/2022
626,harlequins,gloucester,21/22,25,28,24,21/05/2022
627,newcastle,leicester,21/22,25,5,27,21/05/2022
628,bristol,exeter-chiefs,21/22,25,40,33,20/05/2022
629,wasps,sale,21/22,25,7,16,20/05/2022
630,exeter-chiefs,harlequins,21/22,26,47,38,04/06/2022
631,gloucester,saracens,21/22,26,54,7,04/06/2022
632,leicester,wasps,21/22,26,20,10,04/06/2022
633,northampton,newcastle,21/22,26,65,26,04/06/2022
634,sale,bristol,21/22,26,42,19,04/06/2022
635,worcester,bath,21/22,26,43,27,04/06/2022
636,leicester,northampton,21/22,SF,27,14,11/06/2022
637,saracens,harlequins,21/22,SF,34,17,11/06/2022
638,leicester,saracens,21/22,F,15,12,18/06/2022
639,gloucester,wasps,22/23,1,27,21,11/09/2022
640,sale,northampton,22/23,1,29,22,11/09/2022
641,bristol,bath,22/23,1,31,29,10/09/2022
642,exeter-chiefs,leicester,22/23,1,24,20,10/09/2022
643,london-irish,worcester,22/23,1,45,14,10/09/2022
644,newcastle,harlequins,22/23,1,31,40,10/09/2022
645,worcester,exeter-chiefs,22/23,2,21,36,18/09/2022
646,bath,sale,22/23,2,20,37,17/09/2022
647,harlequins,saracens,22/23,2,27,30,17/09/2022
648,leicester,newcastle,22/23,2,36,21,17/09/2022
649,wasps,bristol,22/23,2,8,23,17/09/2022
650,northampton,london-irish,22/23,2,38,22,17/09/2022
651,exeter-chiefs,harlequins,22/23,3,43,42,25/09/2022
652,bristol,london-irish,22/23,3,40,36,24/09/2022
653,northampton,leicester,22/23,3,21,41,24/09/2022
654,saracens,gloucester,22/23,3,41,39,24/09/2022
655,worcester,newcastle,22/23,3,39,5,24/09/2022
656,bath,wasps,22/23,3,31,39,23/09/2022
657,harlequins,northampton,22/23,4,35,29,02/10/2022
658,london-irish,bath,22/23,4,47,38,01/10/2022
659,sale,exeter-chiefs,22/23,4,28,20,01/10/2022
660,saracens,leicester,22/23,4,51,18,01/10/2022
661,newcastle,bristol,22/23,4,30,15,30/09/2022
662,newcastle,saracens,22/23,5,14,34,09/10/2022
663,wasps,northampton,22/23,5,36,40,09/10/2022
664,bath,gloucester,22/23,5,17,21,08/10/2022
665,leicester,sale,22/23,5,16,26,08/10/2022
666,bristol,exeter-chiefs,22/23,5,14,50,07/10/2022
667,harlequins,leicester,22/23,6,19,27,16/10/2022
668,gloucester,bristol,22/23,6,31,28,15/10/2022
669,northampton,newcastle,22/23,6,32,31,15/10/2022
670,saracens,bath,22/23,6,37,31,15/10/2022
671,sale,london-irish,22/23,6,37,14,14/10/2022
672,sale,harlequins,22/23,7,13,29,23/10/2022
673,bath,northampton,22/23,7,27,14,22/10/2022
674,exeter-chiefs,saracens,22/23,7,20,22,22/10/2022
675,london-irish,gloucester,22/23,7,21,22,21/10/2022
676,saracens,sale,22/23,8,33,22,30/10/2022
677,harlequins,london-irish,22/23,8,26,24,29/10/2022
678,northampton,bristol,22/23,8,45,31,29/10/2022
679,gloucester,exeter-chiefs,22/23,8,38,22,29/10/2022
680,bristol,saracens,22/23,9,10,25,05/11/2022
681,newcastle,bath,22/23,9,10,17,05/11/2022
682,sale,gloucester,22/23,9,27,17,05/11/2022
683,northampton,exeter-chiefs,22/23,9,26,19,04/11/2022
684,saracens,northampton,22/23,10,45,39,13/11/2022
685,exeter-chiefs,london-irish,22/23,10,22,17,12/11/2022
686,gloucester,newcastle,22/23,10,21,27,12/11/2022
687,bath,leicester,22/23,10,19,18,11/11/2022
688,leicester,london-irish,22/23,11,33,31,27/11/2022
689,sale,bristol,22/23,11,25,20,26/11/2022
690,harlequins,gloucester,22/23,11,21,12,25/11/2022
691,newcastle,exeter-chiefs,22/23,11,24,21,25/11/2022
692,bristol,leicester,22/23,12,26,26,03/12/2022
693,gloucester,northampton,22/23,12,34,19,03/12/2022
694,london-irish,newcastle,22/23,12,39,17,03/12/2022
695,bath,harlequins,22/23,12,13,19,02/12/2022
696,harlequins,bristol,22/23,13,12,15,27/12/2022
697,exeter-chiefs,bath,22/23,13,20,15,24/12/2022
698,leicester,gloucester,22/23,13,28,13,24/12/2022
699,london-irish,saracens,22/23,13,29,20,23/12/2022
700,newcastle,sale,22/23,13,20,14,23/12/2022
701,northampton,harlequins,22/23,14,46,17,01/01/2023
702,bath,newcastle,22/23,14,24,16,31/12/2022
703,gloucester,london-irish,22/23,14,8,6,31/12/2022
704,saracens,exeter-chiefs,22/23,14,35,3,31/12/2022
705,sale,leicester,22/23,14,40,5,30/12/2022
706,harlequins,sale,22/23,15,16,24,08/01/2023
707,london-irish,bristol,22/23,15,23,7,08/01/2023
708,exeter-chiefs,northampton,22/23,15,35,12,07/01/2023
709,newcastle,leicester,22/23,15,45,26,07/01/2023
710,gloucester,saracens,22/23,15,16,19,06/01/2023
711,london-irish,harlequins,22/23,16,42,24,29/01/2023
712,exeter-chiefs,gloucester,22/23,16,24,17,28/01/2023
713,saracens,bristol,22/23,16,20,19,28/01/2023
714,leicester,northampton,22/23,16,18,19,28/01/2023
715,sale,bath,22/23,16,30,27,27/01/2023
716,leicester,saracens,22/23,17,24,18,19/02/2023
717,bath,london-irish,22/23,17,10,25,18/02/2023
718,northampton,sale,22/23,17,38,34,18/02/2023
719,bristol,newcastle,22/23,17,30,12,17/02/2023
720,gloucester,harlequins,22/23,17,28,26,17/02/2023
721,exeter-chiefs,sale,22/23,18,24,22,26/02/2023
722,london-irish,leicester,22/23,18,22,25,25/02/2023
723,northampton,gloucester,22/23,18,41,34,25/02/2023
724,saracens,newcastle,22/23,18,29,23,25/02/2023
725,bath,bristol,22/23,18,13,15,24/02/2023
726,newcastle,london-irish,22/23,19,19,34,05/03/2023
727,sale,saracens,22/23,19,35,24,05/03/2023
728,harlequins,exeter-chiefs,22/23,19,40,5,04/03/2023
729,leicester,bath,22/23,19,48,27,04/03/2023
730,bristol,northampton,22/23,19,62,8,03/03/2023
731,bristol,harlequins,22/23,20,51,26,12/03/2023
732,gloucester,leicester,22/23,20,5,26,12/03/2023
733,london-irish,sale,22/23,20,36,18,12/03/2023
734,exeter-chiefs,newcastle,22/23,20,24,5,11/03/2023
735,northampton,bath,22/23,20,45,26,10/03/2023
736,bath,exeter-chiefs,22/23,21,36,19,26/03/2023
737,london-irish,northampton,22/23,21,37,11,25/03/2023
738,saracens,harlequins,22/23,21,36,24,25/03/2023
739,leicester,bristol,22/23,21,46,24,25/03/2023
740,newcastle,gloucester,22/23,21,17,12,24/03/2023
741,leicester,exeter-chiefs,22/23,22,62,19,16/04/2023
742,harlequins,newcastle,22/23,22,48,20,15/04/2023
743,northampton,saracens,22/23,22,38,29,15/04/2023
744,bristol,sale,22/23,22,20,36,14/04/2023
745,gloucester,bath,22/23,22,24,33,14/04/2023
746,saracens,london-irish,22/23,23,45,21,23/04/2023
747,gloucester,sale,22/23,23,22,25,22/04/2023
748,exeter-chiefs,bristol,22/23,23,22,21,22/04/2023
749,harlequins,bath,22/23,23,35,45,22/04/2023
750,newcastle,northampton,22/23,23,5,66,21/04/2023
751,bath,saracens,22/23,24,61,29,06/05/2023
752,bristol,gloucester,22/23,24,36,21,06/05/2023
753,leicester,harlequins,22/23,24,17,20,06/05/2023
754,london-irish,exeter-chiefs,22/23,24,17,14,06/05/2023
755,sale,newcastle,22/23,24,54,12,06/05/2023
756,sale,leicester,22/23,SF,21,13,14/05/2023
757,saracens,northampton,22/23,SF,38,15,13/05/2023
758,saracens,sale,22/23,F,35,25,27/05/2023
759,sale,northampton,23/24,1,20,15,15/10/2023
760,bath,newcastle,23/24,1,34,26,14/10/2023
761,gloucester,harlequins,23/24,1,29,28,14/10/2023
762,exeter-chiefs,saracens,23/24,1,65,10,14/10/2023
763,bristol,leicester,23/24,1,25,14,13/10/2023
764,harlequins,exeter-chiefs,23/24,2,22,14,22/10/2023
765,leicester,sale,23/24,2,17,24,21/10/2025
766,northampton,bristol,23/24,2,27,33,21/10/2025
767,saracens,bath,23/24,2,16,25,21/10/2025
768,newcastle,gloucester,23/24,2,14,28,20/10/2025
769,newcastle,northampton,23/24,3,14,16,29/10/2023
770,bath,leicester,23/24,3,24,25,28/10/2023
771,exeter-chiefs,sale,23/24,3,43,0,28/10/2023
772,bristol,harlequins,23/24,3,21,23,28/10/2023
773,gloucester,saracens,23/24,3,3,24,27/10/2023
774,exeter-chiefs,bristol,23/24,4,29,20,05/11/2023
775,saracens,leicester,23/24,4,32,17,04/11/2023
776,harlequins,newcastle,23/24,4,40,12,04/11/2023
777,northampton,bath,23/24,4,24,18,04/11/2023
778,sale,gloucester,23/24,4,24,10,03/11/2023
779,newcastle,saracens,23/24,5,12,50,12/11/2023
780,northampton,exeter-chiefs,23/24,5,34,19,12/11/2023
781,leicester,harlequins,23/24,5,25,29,11/11/2023
782,bristol,sale,23/24,5,13,27,11/11/2023
783,gloucester,bath,23/24,5,27,45,10/11/2023
784,exeter-chiefs,gloucester,23/24,6,25,24,19/11/2023
785,harlequins,saracens,23/24,6,10,38,18/11/2023
786,leicester,northampton,23/24,6,26,17,18/11/2023
787,bath,bristol,23/24,6,20,19,17/11/2023
788,sale,newcastle,23/24,6,40,22,17/11/2023
789,newcastle,exeter-chiefs,23/24,7,14,20,26/11/2023
790,saracens,bristol,23/24,7,39,31,25/11/2023
791,gloucester,leicester,23/24,7,20,38,25/11/2023
792,northampton,harlequins,23/24,7,36,33,24/11/2023
793,sale,bath,23/24,7,11,9,24/11/2023
794,leicester,newcastle,23/24,8,47,3,03/12/2023
795,saracens,northampton,23/24,8,12,18,02/12/2023
796,bath,exeter-chiefs,23/24,8,41,24,02/12/2023
797,bristol,gloucester,23/24,8,51,26,02/12/2023
798,harlequins,sale,23/24,8,36,3,01/12/2023
799,bath,harlequins,23/24,9,25,17,23/12/2023
800,exeter-chiefs,leicester,23/24,9,29,10,23/12/2023
801,gloucester,northampton,23/24,9,29,31,23/12/2023
802,newcastle,bristol,23/24,9,13,21,22/12/2023
803,sale,saracens,23/24,9,22,20,22/12/2023
804,leicester,bath,23/24,10,35,22,31/12/2023
805,harlequins,gloucester,23/24,10,32,26,30/12/2023
806,northampton,sale,23/24,10,21,17,30/12/2023
807,saracens,newcastle,23/24,10,37,19,30/12/2023
808,bristol,exeter-chiefs,23/24,10,14,24,29/12/2023
809,bath,gloucester,23/24,11,17,10,07/01/2024
810,leicester,saracens,23/24,11,19,10,06/01/2024
811,exeter-chiefs,northampton,23/24,11,36,42,06/01/2024
812,newcastle,harlequins,23/24,11,3,24,05/01/2024
813,sale,bristol,23/24,11,14,22,05/01/2024
814,gloucester,sale,23/24,12,32,20,28/01/2024
815,saracens,exeter-chiefs,23/24,12,40,22,27/01/2024
816,bristol,bath,23/24,12,57,44,27/01/2024
817,northampton,newcastle,23/24,12,38,13,27/01/2024
818,harlequins,leicester,23/24,12,19,20,26/01/2024
819,bath,sale,23/24,13,42,24,24/03/2024
820,saracens,harlequins,23/24,13,52,7,23/03/2024
821,exeter-chiefs,newcastle,23/24,13,25,16,23/03/2024
822,bristol,northampton,23/24,13,52,21,22/03/2024
823,leicester,gloucester,23/24,13,25,27,22/03/2024
824,sale,exeter-chiefs,23/24,14,41,5,31/03/2024
825,harlequins,bath,23/24,14,40,36,30/03/2024
826,gloucester,bristol,23/24,14,24,33,30/03/2024
827,newcastle,leicester,23/24,14,13,19,29/03/2024
828,northampton,saracens,23/24,14,41,30,29/03/2024
829,bristol,newcastle,23/24,15,85,14,21/04/2024
830,sale,harlequins,23/24,15,37,31,21/04/2024
831,exeter-chiefs,bath,23/24,15,14,26,20/04/2024
832,northampton,leicester,23/24,15,40,17,20/04/2024
833,saracens,gloucester,23/24,15,46,24,20/04/2024
834,gloucester,exeter-chiefs,23/24,16,17,38,28/04/2024
835,newcastle,sale,23/24,16,14,35,28/04/2024
836,harlequins,northampton,23/24,16,41,32,27/04/2024
837,leicester,bristol,23/24,16,19,21,27/04/2024
838,bath,saracens,23/24,16,12,15,26/04/2024
839,exeter-chiefs,harlequins,23/24,17,58,26,11/05/2024
840,bristol,saracens,23/24,17,20,41,11/05/2024
841,northampton,gloucester,23/24,17,90,0,11/05/2024
842,newcastle,bath,23/24,17,17,28,10/05/2024
843,sale,leicester,23/24,17,31,22,10/05/2024
844,bath,northampton,23/24,18,43,12,18/05/2024
845,gloucester,newcastle,23/24,18,54,14,18/05/2024
846,harlequins,bristol,23/24,18,28,53,18/05/2024
847,leicester,exeter-chiefs,23/24,18,40,22,18/05/2024
848,saracens,sale,23/24,18,10,20,18/05/2024
849,bath,sale,23/24,SF,31,23,01/06/2024
850,northampton,saracens,23/24,SF,22,20,30/06/2024
851,northampton,bath,23/24,F,25,21,08/06/2024
852,sale,harlequins,24/25,1,12,11,22/09/2024
853,gloucester,saracens,24/25,1,26,35,21/09/2024
854,exeter-chiefs,leicester,24/25,1,14,17,21/09/2024
855,bath,northampton,24/25,1,38,16,20/09/2024
856,newcastle,bristol,24/25,1,3,24,20/09/2024
857,leicester,bath,24/25,2,15,20,29/09/2024
858,northampton,exeter-chiefs,24/25,2,30,24,28/09/2024
859,saracens,sale,24/25,2,45,26,28/09/2024
860,harlequins,newcastle,24/25,2,28,14,28/09/2024
861,bristol,gloucester,24/25,2,41,44,27/09/2024
862,saracens,exeter-chiefs,24/25,3,29,14,06/10/2024
863,newcastle,leicester,24/25,3,10,42,05/10/2024
864,bath,bristol,24/25,3,26,36,05/10/2024
865,northampton,harlequins,24/25,3,33,29,04/10/2024
866,sale,gloucester,24/25,3,31,27,04/10/2024
867,harlequins,saracens,24/25,4,17,10,13/10/2024
868,leicester,northampton,24/25,4,24,8,12/10/2024
869,gloucester,bath,24/25,4,31,55,12/10/2024
870,exeter-chiefs,bristol,24/25,4,35,40,12/10/2024
871,sale,newcastle,24/25,4,43,10,11/10/2024
872,leicester,gloucester,24/25,5,29,26,20/10/2024
873,harlequins,bath,24/25,5,24,26,19/10/2024
874,bristol,saracens,24/25,5,35,37,19/10/2024
875,newcastle,exeter-chiefs,24/25,5,24,18,18/10/2024
876,northampton,sale,24/25,5,29,26,18/10/2024
877,exeter-chiefs,harlequins,24/25,6,19,36,27/10/2024
878,saracens,leicester,24/25,6,29,32,26/10/2024
879,bath,sale,24/25,6,40,13,26/10/2024
880,gloucester,newcastle,24/25,6,36,7,26/10/2024
881,bristol,northampton,24/25,6,31,23,25/10/2024
882,sale,leicester,24/25,7,39,25,01/12/2024
883,bath,exeter-chiefs,24/25,7,19,15,30/11/2024
884,northampton,gloucester,24/25,7,17,25,30/11/2024
885,harlequins,bristol,24/25,7,24,48,29/11/2024
886,newcastle,saracens,24/25,7,17,12,29/11/2024
887,saracens,northampton,24/25,8,39,24,22/12/2024
888,newcastle,bath,24/25,8,15,40,21/12/2024
889,sale,exeter-chiefs,24/25,8,28,10,21/12/2024
890,leicester,bristol,24/25,8,24,54,21/12/2024
891,gloucester,harlequins,24/25,8,14,0,20/12/2024
892,exeter-chiefs,gloucester,24/25,9,22,15,29/12/2024
893,harlequins,leicester,24/25,9,34,34,28/12/2024
894,northampton,newcastle,24/25,9,61,0,28/12/2024
895,bath,saracens,24/25,9,68,10,28/12/2024
896,bristol,sale,24/25,9,0,38,27/12/2024
897,northampton,bath,24/25,10,35,34,05/01/2025
898,saracens,bristol,24/25,10,35,26,04/01/2025
899,leicester,exeter-chiefs,24/25,10,28,15,04/01/2025
900,gloucester,sale,24/25,10,36,20,04/01/2025
901,newcastle,harlequins,24/25,10,14,38,03/01/2025
902,bristol,newcastle,24/25,11,55,35,26/01/2025
903,sale,bath,24/25,11,23,32,26/01/2025
904,exeter-chiefs,saracens,24/25,11,31,22,25/01/2025
905,gloucester,leicester,24/25,11,38,31,25/01/2025
906,harlequins,northampton,24/25,11,22,19,24/01/2025
907,bath,gloucester,24/25,12,42,26,23/03/2025
908,bristol,exeter-chiefs,24/25,12,52,38,22/03/2025
909,saracens,harlequins,24/25,12,12,23,22/03/2025
910,newcastle,sale,24/25,12,15,39,21/03/2025
911,northampton,leicester,24/25,12,0,33,21/03/2025
912,leicester,saracens,24/25,13,22,29,30/03/2025
913,gloucester,bristol,24/25,13,53,28,29/03/2025
914,bath,harlequins,24/25,13,47,28,29/03/2025
915,exeter-chiefs,newcastle,24/25,13,17,15,29/03/2025
916,sale,northampton,24/25,13,27,24,28/03/2025
917,bristol,leicester,24/25,14,19,36,20/04/2025
918,saracens,gloucester,24/25,14,36,14,19/04/2025
919,harlequins,sale,24/25,14,29,43,19/04/2025
920,exeter-chiefs,bath,24/25,14,24,26,19/04/2025
921,newcastle,northampton,24/25,14,34,35,18/04/2025
922,sale,saracens,24/25,15,25,7,25/04/2025
923,bath,newcastle,24/25,15,55,19,26/04/2025
924,leicester,harlequins,24/25,15,40,7,26/04/2025
925,northampton,bristol,24/25,15,48,31,26/04/2025
926,gloucester,exeter-chiefs,24/25,15,79,17,27/04/2025
927,leicester,sale,24/25,16,44,34,09/05/2025
928,saracens,newcastle,24/25,16,75,28,10/05/2025
929,bristol,bath,24/25,16,36,14,10/05/2025
930,harlequins,gloucester,24/25,16,38,19,10/05/2025
931,exeter-chiefs,northampton,24/25,16,42,14,11/05/2025
932,newcastle,gloucester,24/25,17,12,26,16/05/2025
933,sale,bristol,24/25,17,41,27,16/05/2025
934,northampton,saracens,24/25,17,28,24,17/05/2025
935,bath,leicester,24/25,17,43,15,17/05/2025
936,harlequins,exeter-chiefs,24/25,17,24,22,18/05/2025
937,gloucester,northampton,24/25,18,41,26,31/05/2025
938,exeter-chiefs,sale,24/25,18,26,30,31/05/2025
939,bristol,harlequins,24/25,18,56,26,31/05/2025
940,leicester,newcastle,24/25,18,42,20,31/05/2025
941,saracens,bath,24/25,18,36,26,31/05/2025
942,bath,bristol,24/25,SF,34,20,06/06/2025
943,leicester,sale,24/25,SF,21,16,07/06/2025
944,bath,leicester,24/25,F,23,21,15/06/2025
945,sale,gloucester,25/26,1,27,10,25/10/2025
946,harlequins,bath,25/26,1,31,47,26/10/2025
947,newcaslte,saracens,25/26,1,17,39,26/10/2025
948,northampton,exeter-chiefs,25/26,1,33,33,28/10/2025
949,bristol,leicester,25/26,1,42,24,28/10/2025
950,bath,sale,25/26,2,28,16,03/10/2025
951,exeter-chiefs,newcastle,25/26,2,38,15,04/10/2025
952,leicester,harlequins,25/26,2,29,19,04/10/2025
953,saracens,bristol,25/26,2,50,17,04/10/2025
954,gloucester,northampton,25/26,2,35,37,05/10/2025
955,sale,newcastle,25/26,3,57,5,10/10/2025
956,bristol,exeter-chiefs,25/26,3,18,14,11/10/2025
957,northampton,leicester,25/26,3,32,26,11/10/2025
958,bath,gloucester,25/26,3,38,17,11/10/2025
959,harlequins,saracens,25/26,3,20,14,12/10/2025
960,gloucester,bristol,25/26,4,34,49,17/10/2025
961,newcaslte,northampton,25/26,4,19,36,17/10/2025
962,leicester,bath,25/26,4,22,20,18/10/2025
963,saracens,sale,25/26,4,65,14,18/10/2025
964,exeter-chiefs,harlequins,25/26,4,38,0,19/10/2025
965,northampton,saracens,25/26,5,43,31,24/10/2025
966,exeter-chiefs,gloucester,25/26,5,39,12,25/10/2025
967,harlequins,newcastle,25/26,5,52,14,25/10/2025
968,bath,bristol,25/26,5,40,15,25/10/2025
969,leicester,sale,25/26,5,36,35,25/10/2025
970,newcaslte,leicester,25/26,6,17,39,28/11/2025
971,sale,exeter-chiefs,25/26,6,26,27,28/11/2025
972,gloucester,harlequins,25/26,6,26,15,29/11/2025
973,bristol,northampton,25/26,6,46,12,29/11/2025
974,saracens,bath,25/26,6,29,36,30/11/2025
975,leicester,gloucester,,7,,,19/12/2025
976,northampton,sale,,7,,,20/12/2025
977,saracens,exeter-chiefs,,7,,,20/12/2025
978,harlequins,bristol,,7,,,20/12/2025
979,newcaslte,bath,,7,,,21/12/2025
980,sale,harlequins,,8,,,26/12/2025
981,bristol,newcastle,,8,,,27/12/2025
982,gloucester,saracens,,8,,,27/12/2025
983,bath,northampton,,8,,,27/12/2025
984,exeter-chiefs,leicester,,8,,,28/12/2025
985,bristol,sale,,9,,,02/01/2026
986,newcaslte,gloucester,,9,,,02/01/2026
987,bath,exeter-chiefs,,9,,,03/01/2026
988,northampton,harlequins,,9,,,03/01/2026
989,leicester,saracens,,9,,,04/01/2026
990,exeter-chiefs,bristol,,10,,,23/01/2026
991,gloucester,bath,,10,,,24/01/2026
992,harlequins,leicester,,10,,,24/01/2026
993,sale,northampton,,10,,,24/01/2026
994,saracens,newcastle,,10,,,24/01/2026
995,bath,saracens,,11,,,21/03/2026
996,exeter-chiefs,sale,,11,,,21/03/2026
997,harlequins,gloucester,,11,,,21/03/2026
998,leicester,bristol,,11,,,21/03/2026
999,northampton,newcastle,,11,,,21/03/2026
1000,newcaslte,exeter-chiefs,,12,,,28/03/2026
1001,sale,bath,,12,,,28/03/2026
1002,gloucester,leicester,,12,,,28/03/2026
1003,bristol,harlequins,,12,,,28/03/2026
1004,saracens,northampton,,12,,,28/03/2026
1005,bath,harlequins,,13,,,18/04/2026
1006,bristol,gloucester,,13,,,18/04/2026
1007,exeter-chiefs,northampton,,13,,,18/04/2026
1008,sale,saracens,,13,,,18/04/2026
1009,leicester,newcastle,,13,,,18/04/2026
1010,gloucester,exeter-chiefs,,14,,,25/04/2026
1011,harlequins,sale,,14,,,25/04/2026
1012,newcaslte,bristol,,14,,,25/04/2026
1013,northampton,bath,,14,,,25/04/2026
1014,saracens,leicester,,14,,,25/04/2026
1015,bristol,saracens,,15,,,09/05/2026
1016,exeter-chiefs,bath,,15,,,09/05/2026
1017,gloucester,sale,,15,,,09/05/2026
1018,leicester,northampton,,15,,,09/05/2026
1019,newcaslte,harlequins,,15,,,09/05/2026
1020,bath,newcastle,,16,,,16/05/2026
1021,harlequins,exeter-chiefs,,16,,,16/05/2026
1022,northampton,bristol,,16,,,16/05/2026
1023,sale,leicester,,16,,,16/05/2026
1024,saracens,gloucester,,16,,,16/05/2026
1025,bristol,bath,,17,,,30/05/2026
1026,leicester,exeter-chiefs,,17,,,30/05/2026
1027,newcaslte,sale,,17,,,30/05/2026
1028,northampton,gloucester,,17,,,30/05/2026
1029,saracens,harlequins,,17,,,30/05/2026
1030,bath,leicester,,18,,,06/06/2026
1031,exeter-chiefs,saracens,,18,,,06/06/2026
1032,gloucester,newcastle,,18,,,06/06/2026
1033,harlequins,northampton,,18,,,06/06/2026
1034,sale,bristol,,18,,,06/06/2026
1035,,,,SF,,,13/06/2026
1036,,,,SF,,,13/06/2026
1037,,,,F,,,20/06/2026
